Case Number,address_id,agency,attendees,contact_date,contact_method,contact_type,context,notes,worker,worker_organisation
SAMPLE-001,,,,20/10/2025 00:00,Phone (to client),Telephone Out,With,sample answer,Worker A,
SAMPLE-001,,,,24/10/2025 00:00,Email (to other),Referral,About,sample answer,Worker A,
SAMPLE-001,,,,03/11/2025 00:00,Email (to other),Letter/Email Out,About,sample answer,Worker A,
SAMPLE-001,,,,11/11/2025 00:00,Other,Information Sharing Meeting,About,sample answer,Worker A,
SAMPLE-001,,,,06/01/2026 00:00,SMS (to other),Letter/Email Out,About,sample answer,Worker A,
SAMPLE-001,,,,17/10/2025 00:00,Email (to other),Letter/Email Out,About,sample answer,Worker A,
SAMPLE-001,,,,23/10/2025 00:00,Face to Face,Management Supervision of Case,About,sample answer,Worker A,
SAMPLE-001,,,,11/11/2025 00:00,Email (to other),Management Oversight,About,sample answer,Worker A,
SAMPLE-001,,,,13/11/2025 00:00,Email (to other),Letter/Email Out,About,sample answer,Worker A,
SAMPLE-001,,,,13/11/2025 00:00,Face to Face,Management Supervision of Case,About,sample answer,Worker A,
SAMPLE-001,,,,13/11/2025 00:00,Other,Management Oversight,About,sample answer,Worker A,
SAMPLE-001,,,,22/12/2025 00:00,Face to Face,Management Supervision of Case,About,sample answer,Worker A,
SAMPLE-001,,,,05/01/2026 00:00,Face to Face,Management Supervision of Case,About,sample answer,Worker A,
SAMPLE-001,,,,18/02/2026 00:00,Face to Face,Management Supervision of Case,About,sample answer,Worker A,
SAMPLE-001,,,,11/03/2026 00:00,Face to Face,Management Supervision of Case,About,sample answer,Worker A,
SAMPLE-001,,,,31/10/2025 00:00,Other,Clinical Health Team Supervision Meeting,About,sample answer,Worker A,
SAMPLE-001,,,,31/10/2025 00:00,Other,Clinical Health Team Supervision Meeting,About,sample answer,Worker A,
SAMPLE-001,,,,14/10/2025 00:00,Video Link,Multi Agency Meeting,About,sample answer,Worker A,
SAMPLE-001,,,,11/11/2025 00:00,Video Link,Multi Agency Meeting,About,sample answer,Worker A,
SAMPLE-001,,,,29/10/2025 00:00,Face to Face,Mental Health/Therapeutic Contact,With,sample answer,Worker A,
SAMPLE-001,,,,31/10/2025 00:00,Email (to other),Mental Health/Therapeutic Contact,About,sample answer,Worker A,
SAMPLE-001,,,,29/10/2025 00:00,Face to Face,Victim Contact,With,sample answer,Worker A,
SAMPLE-001,,,,29/10/2025 00:00,Face to Face,Victim Contact,With,sample answer,Worker A,
SAMPLE-001,,,,03/11/2025 00:00,Email (to other),Victim Contact,With,sample answer,Worker A,
SAMPLE-001,,,,03/11/2025 00:00,Phone (from other),Victim Contact,With,sample answer,Worker A,
SAMPLE-001,,,,06/01/2026 00:00,Email (to other),Victim Contact,With,sample answer,Worker A,
SAMPLE-001,,,,14/01/2026 00:00,Email (to other),Victim Contact,With,sample answer,Worker A,
SAMPLE-001,,,,23/10/2025 00:00,Face to Face,Assessment meeting,With,sample answer,Worker A,
SAMPLE-001,,,,28/10/2025 00:00,Face to Face,Assessment meeting,With,sample answer,Worker A,
SAMPLE-001,,,,07/11/2025 00:00,Face to Face,Intervention Plan,With,sample answer,Worker A,
SAMPLE-001,,,,14/11/2025 00:00,Face to Face,Social and emotional interventions,With,sample answer,Worker A,
SAMPLE-001,,,,18/11/2025 00:00,Face to Face,Home Visit,With,sample answer,Worker A,
SAMPLE-001,,,,16/12/2025 00:00,Face to Face,Consequential Decision Making/Risky Behaviour,With,sample answer,Worker A,
SAMPLE-001,,,,21/01/2026 00:00,Face to Face,Victim Awareness Contact,With,sample answer,Worker A,
SAMPLE-001,,,,21/01/2026 00:00,SMS (from other),Letter/Email/Text Advovacy,About,sample answer,Worker A,
SAMPLE-001,,,,27/02/2026 00:00,Face to Face,Young Person Feedback,With,sample answer,Worker A,
SAMPLE-001,,,,02/12/2025 00:00,Face to Face,Home Visit,With,sample answer,Worker A,
SAMPLE-001,,,,27/01/2026 00:00,Face to Face,Home Visit,With,sample answer,Worker A,
SAMPLE-001,,,,28/10/2025 00:00,Face to Face,Speech/Language Contact,With,sample answer,Worker A,
SAMPLE-001,,,,29/12/2025 00:00,Other,Discussion (with colleague),About,sample answer,Worker A,
SAMPLE-003,,,,25/07/2024 00:00,Email (to other),Letter/Email Out,About,sample answer,Worker C,
SAMPLE-003,,,,25/03/2025 00:00,Email (to other),Letter/Email Out,About,sample answer,Worker C,
SAMPLE-003,,,,23/05/2025 00:00,Email (to other),Letter/Email Out,About,sample answer,Worker C,
SAMPLE-003,,,,16/06/2025 00:00,Email (from other),Police Intelligence,About,sample answer,Worker C,
SAMPLE-003,,,,22/06/2025 00:00,Email (from other),Police Intelligence,About,sample answer,Worker C,
SAMPLE-003,,,,23/07/2024 00:00,Face to Face,Meeting Review Plan/Activities,About,sample answer,Worker C,
SAMPLE-003,,,,28/08/2024 00:00,Other,Management Supervision of Case,About,sample answer,Worker C,
SAMPLE-003,,,,26/09/2024 00:00,Video Link,Multi Agency Meeting,About,sample answer,Worker C,
SAMPLE-003,,,,07/10/2024 00:00,Other,Management Oversight,About,sample answer,Worker C,
SAMPLE-003,,,,07/07/2024 00:00,Phone (to other),Telephone Out,About,sample answer,Worker C,
SAMPLE-003,,,,10/07/2024 00:00,Phone (to other),Telephone Out,About,sample answer,Worker C,
SAMPLE-003,,,,11/07/2024 00:00,Phone (to other),Telephone Out,About,sample answer,Worker C,
SAMPLE-003,,,,15/07/2024 00:00,SMS (to other),Letter/Email/Text Advovacy,About,sample answer,Worker C,
SAMPLE-003,,,,16/07/2024 00:00,Phone (to other),Telephone Out,About,sample answer,Worker C,
SAMPLE-003,,,,21/07/2024 00:00,Face to Face,Home Visit,With,sample answer,Worker C,
SAMPLE-003,,,,21/07/2024 00:00,SMS (to other),Letter/Email/Text Advovacy,About,sample answer,Worker C,
SAMPLE-003,,,,23/07/2024 00:00,Email (to other),Education School/Liaison,About,sample answer,Worker C,
SAMPLE-003,,,,28/07/2024 00:00,Email (to other),Letter/Email Out,About,sample answer,Worker C,
SAMPLE-003,,,,30/07/2024 00:00,Face to Face,Home Visit,With,sample answer,Worker C,
SAMPLE-003,,,,31/07/2024 00:00,Email (from other),Education School/Liaison,About,sample answer,Worker C,
SAMPLE-003,,,,06/08/2024 00:00,Email (to other),Letter/Email Out,About,sample answer,Worker C,
SAMPLE-003,,,,15/08/2024 00:00,Face to Face,Offending Behaviour Contact,With,sample answer,Worker C,
SAMPLE-003,,,,21/08/2024 00:00,SMS (to other),Letter/Email/Text Advovacy,About,sample answer,Worker C,
SAMPLE-003,,,,22/08/2024 00:00,Face to Face,Offending Behaviour Contact,With,sample answer,Worker C,
SAMPLE-003,,,,22/08/2024 00:00,Phone (to other),Telephone Out,About,sample answer,Worker C,
SAMPLE-003,,,,28/08/2024 00:00,Face to Face,Offending Behaviour Contact,With,sample answer,Worker C,
SAMPLE-003,,,,01/09/2024 00:00,Phone (to client),Telephone Out,About,sample answer,Worker C,
SAMPLE-003,,,,04/09/2024 00:00,Email (to other),Letter/Email Out,About,sample answer,Worker C,
SAMPLE-003,,,,04/09/2024 00:00,Face to Face,Offending Behaviour Contact,With,sample answer,Worker C,
SAMPLE-003,,,,12/09/2024 00:00,Face to Face,Engagement Contact,With,sample answer,Worker C,
SAMPLE-003,,,,18/09/2024 00:00,Face to Face,Offending Behaviour Contact,With,sample answer,Worker C,
SAMPLE-003,,,,18/09/2024 00:00,SMS (from other),Letter/Email/Text Advovacy,About,sample answer,Worker C,
SAMPLE-003,,,,19/09/2024 00:00,Phone (to other),Telephone Out,About,sample answer,Worker C,
SAMPLE-003,,,,22/09/2024 00:00,Email (to other),Letter/Email Out,About,sample answer,Worker C,
SAMPLE-003,,,,22/09/2024 00:00,Email (to other),Police Intelligence,About,sample answer,Worker C,
SAMPLE-003,,,,22/09/2024 00:00,Email (to other),Referral,About,sample answer,Worker C,
SAMPLE-003,,,,22/09/2024 00:00,Phone (from other),Telephone In,About,sample answer,Worker C,
SAMPLE-003,,,,22/09/2024 00:00,Phone (from other),Telephone In,About,sample answer,Worker C,
SAMPLE-003,,,,22/09/2024 00:00,Phone (to client),Telephone Out,With,sample answer,Worker C,
SAMPLE-003,,,,22/09/2024 00:00,Phone (to other),Telephone Out,About,sample answer,Worker C,
SAMPLE-003,,,,22/09/2024 00:00,Phone (to other),Telephone Out,About,sample answer,Worker C,
SAMPLE-003,,,,22/09/2024 00:00,Phone (to other),Telephone Out,About,sample answer,Worker C,
SAMPLE-003,,,,23/09/2024 00:00,Email (to other),Child Criminal Exploitation contact,About,sample answer,Worker C,
SAMPLE-003,,,,23/09/2024 00:00,Phone (to other),Telephone Out,About,sample answer,Worker C,
SAMPLE-003,,,,23/09/2024 00:00,SMS (from other),Letter/Email/Text Advovacy,About,sample answer,Worker C,
SAMPLE-003,,,,23/09/2024 00:00,SMS (to client),Letter/Email/Text Advovacy,With,sample answer,Worker C,
SAMPLE-003,,,,23/09/2024 00:00,Video Link,Case Consultation Police,About,sample answer,Worker C,
SAMPLE-003,,,,24/09/2024 00:00,Email (from other),Letter/Email In,About,sample answer,Worker C,
SAMPLE-003,,,,24/09/2024 00:00,SMS (from other),Letter/Email/Text Advovacy,About,sample answer,Worker C,
SAMPLE-003,,,,25/09/2024 00:00,Email (to other),Letter/Email Out,About,sample answer,Worker C,
SAMPLE-003,,,,25/09/2024 00:00,Phone (to other),Telephone Out,About,sample answer,Worker C,
SAMPLE-003,,,,25/09/2024 00:00,SMS (to client),Letter/Email/Text Advovacy,With,sample answer,Worker C,
SAMPLE-003,,,,26/09/2024 00:00,Phone (to client),Telephone Out,With,sample answer,Worker C,
SAMPLE-003,,,,01/10/2024 00:00,Email (to other),Police Contact,About,sample answer,Worker C,
SAMPLE-003,,,,01/10/2024 00:00,Email (to other),Referral,About,sample answer,Worker C,
SAMPLE-003,,,,01/10/2024 00:00,SMS (to other),Letter/Email/Text Advovacy,About,sample answer,Worker C,
SAMPLE-003,,,,02/10/2024 00:00,Face to Face,Family Support/Wider Family Needs Contact,With,sample answer,Worker C,
SAMPLE-003,,,,03/10/2024 00:00,SMS (to other),Letter/Email/Text Advovacy,About,sample answer,Worker C,
SAMPLE-003,,,,20/10/2024 00:00,Email (from other),Letter/Email In,About,sample answer,Worker C,
SAMPLE-003,,,,28/10/2024 00:00,Face to Face,Substance Misuse,With,sample answer,Worker C,
SAMPLE-003,,,,04/11/2024 00:00,Face to Face,Offending Behaviour Contact,With,sample answer,Worker C,
SAMPLE-003,,,,17/11/2024 00:00,Email (from other),Restorative Justice Contact (Individual),About,sample answer,Worker C,
SAMPLE-003,,,,19/11/2024 00:00,Phone (to other),Telephone Out,About,sample answer,Worker C,
SAMPLE-003,,,,02/12/2024 00:00,Email (to other),Child Exploitation contact,About,sample answer,Worker C,
SAMPLE-003,,,,03/12/2024 00:00,Phone (to other),Telephone Out,About,sample answer,Worker C,
SAMPLE-003,,,,06/03/2025 00:00,Video Link,Multi Agency Exploitation Meeting,About,sample answer,Worker C,
SAMPLE-003,,,,09/03/2025 00:00,Face to Face,Assessment meeting,With,sample answer,Worker C,
SAMPLE-003,,,,17/03/2025 00:00,Video Link,Multi Agency Exploitation Meeting,About,sample answer,Worker C,
SAMPLE-003,,,,19/03/2025 00:00,Email (to other),Mental Health/Therapeutic Contact,About,sample answer,Worker C,
SAMPLE-003,,,,27/03/2025 00:00,Email (to other),Referral,About,sample answer,Worker C,
SAMPLE-003,,,,06/04/2025 00:00,Face to Face,Offending Behaviour Contact,With,sample answer,Worker C,
SAMPLE-003,,,,13/04/2025 00:00,Face to Face,Offending Behaviour Contact,With,sample answer,Worker C,
SAMPLE-003,,,,21/04/2025 00:00,Email (to other),Letter/Email Out,About,sample answer,Worker C,
SAMPLE-003,,,,21/04/2025 00:00,Face to Face,Victim Impact,With,sample answer,Worker C,
SAMPLE-003,,,,28/04/2025 00:00,Face to Face,Home Visit,With,sample answer,Worker C,
SAMPLE-003,,,,07/05/2025 00:00,Face to Face,Substance Misuse,With,sample answer,Worker C,
SAMPLE-003,,,,09/05/2025 00:00,Face to Face,Reparation Indirect Contact,With,sample answer,Worker C,
SAMPLE-003,,,,20/05/2025 00:00,Face to Face,Substance Misuse,With,sample answer,Worker C,
SAMPLE-003,,,,21/05/2025 00:00,Face to Face,Multi Agency Exploitation Meeting,About,sample answer,Worker C,
SAMPLE-003,,,,22/05/2025 00:00,SMS (to other),Letter/Email/Text Advovacy,About,sample answer,Worker C,
SAMPLE-003,,,,27/05/2025 00:00,Face to Face,Substance Misuse,With,sample answer,Worker C,
SAMPLE-003,,,,29/05/2025 00:00,Face to Face,Multi Agency Exploitation Meeting,With,sample answer,Worker C,
SAMPLE-003,,,,04/06/2025 00:00,Face to Face,Substance Misuse,With,sample answer,Worker C,
SAMPLE-003,,,,05/06/2025 00:00,SMS (to client),Letter/Email/Text Advovacy,With,sample answer,Worker C,
SAMPLE-003,,,,16/06/2025 00:00,Phone (to other),Telephone Out,About,sample answer,Worker C,
SAMPLE-003,,,,17/06/2025 00:00,Face to Face,Offending Behaviour Contact,With,sample answer,Worker C,
SAMPLE-003,,,,18/06/2025 00:00,SMS (from client),Letter/Email/Text Advovacy,With,sample answer,Worker C,
SAMPLE-003,,,,19/06/2025 00:00,Phone (to other),Telephone Out,About,sample answer,Worker C,
SAMPLE-003,,,,22/06/2025 00:00,Face to Face,Offending Behaviour Contact,With,sample answer,Worker C,
SAMPLE-003,,,,23/06/2025 00:00,Video Link,Multi Agency Exploitation Meeting,About,sample answer,Worker C,
SAMPLE-003,,,,02/07/2025 00:00,Face to Face,Offending Behaviour Contact,With,sample answer,Worker C,
SAMPLE-003,,,,03/07/2025 00:00,Email (to other),Letter/Email Out,About,sample answer,Worker C,
SAMPLE-003,,,,26/02/2025 00:00,Email (to other),Letter/Email Out,About,sample answer,Worker C,
SAMPLE-003,,,,19/03/2026 00:00,Other,Management Oversight,About,sample answer,Worker C,
SAMPLE-003,,,,23/03/2025 00:00,Face to Face,Meeting Review Plan/Activities,About,sample answer,Worker C,
SAMPLE-003,,,,23/03/2025 00:00,Other,Management Oversight,About,sample answer,Worker C,
SAMPLE-003,,,,24/03/2025 00:00,Email (to other),Management Oversight,About,sample answer,Worker C,
SAMPLE-003,,,,25/03/2025 00:00,Face to Face,Management Supervision of Case,About,sample answer,Worker C,
SAMPLE-003,,,,26/03/2025 00:00,Other,Management Oversight,About,sample answer,Worker C,
SAMPLE-003,,,,12/05/2025 00:00,Other,Management Supervision of Case,About,sample answer,Worker C,
SAMPLE-003,,,,20/05/2025 00:00,Face to Face,Meeting Review Plan/Activities,About,sample answer,Worker C,
SAMPLE-003,,,,21/05/2025 00:00,Email (to other),Management Oversight,About,sample answer,Worker C,
SAMPLE-003,,,,21/05/2025 00:00,Face to Face,Management Supervision of Case,About,sample answer,Worker C,
SAMPLE-003,,,,29/06/2025 00:00,Face to Face,Management Supervision of Case,About,sample answer,Worker C,
SAMPLE-003,,,,07/09/2023 00:00,Letter (to other),Letter/Email Out,With,sample answer,Worker C,
SAMPLE-003,,,,07/09/2023 00:00,Phone (to other),Telephone Out,With,sample answer,Worker C,
SAMPLE-003,,,,17/09/2023 00:00,Email (from other),Letter/Email In (Other),With,sample answer,Worker C,
SAMPLE-003,,,,18/09/2023 00:00,Letter (to other),Letter/Email Out,With,sample answer,Worker C,
SAMPLE-003,,,,18/09/2023 00:00,Phone (to other),Telephone Out,With,sample answer,Worker C,
SAMPLE-003,,,,25/09/2023 00:00,Face to Face,Victim Impact,With,sample answer,Worker C,
SAMPLE-003,,,,21/11/2024 00:00,Phone (to other),Victim Contact,With,sample answer,Worker C,
SAMPLE-003,,,,10/03/2025 00:00,Other,Victim Impact,With,sample answer,Worker C,
SAMPLE-003,,,,01/07/2024 00:00,Video Link,Multi Agency Meeting,About,sample answer,Worker C,
SAMPLE-003,,,,29/07/2024 00:00,Video Link,Multi Agency Meeting,About,sample answer,Worker C,
SAMPLE-003,,,,31/07/2024 00:00,Email (to other),Letter/Email Out,About,sample answer,Worker C,
SAMPLE-003,,,,29/09/2024 00:00,Email (to other),Letter/Email Out,About,sample answer,Worker C,
SAMPLE-003,,,,11/11/2024 00:00,Video Link,Multi Agency Meeting,About,sample answer,Worker C,
SAMPLE-003,,,,12/11/2024 00:00,Email (to other),Letter/Email Out,About,sample answer,Worker C,
SAMPLE-003,,,,02/04/2025 00:00,Face to Face,Speech/Language Assessment,With,sample answer,Worker C,
SAMPLE-003,,,,14/04/2025 00:00,Phone (from other),Speech/Language Contact,About,sample answer,Worker C,
SAMPLE-003,,,,17/04/2025 00:00,Email (to other),Speech/Language Contact,About,sample answer,Worker C,
SAMPLE-003,,,,28/08/2023 00:00,Video Link,Multi Agency Meeting,About,sample answer,Worker C,
SAMPLE-003,,,,30/08/2023 00:00,Email (to other),Letter/Email Out,About,sample answer,Worker C,
SAMPLE-003,,,,24/02/2025 00:00,Video Link,Multi Agency Meeting,About,sample answer,Worker C,
SAMPLE-003,,,,02/04/2025 00:00,Video Link,Multi Agency Meeting,About,sample answer,Worker C,
SAMPLE-003,,,,08/08/2024 00:00,Face to Face,Mental Health/Therapeutic Contact,With,sample answer,Worker C,
SAMPLE-003,,,,18/08/2024 00:00,Letter (to other),Mental Health/Therapeutic Contact,About,sample answer,Worker C,
SAMPLE-003,,,,09/07/2024 00:00,Phone (from other),Victim Contact,With,sample answer,Worker C,
SAMPLE-003,,,,06/10/2024 00:00,Phone (to client),Victim Awareness Contact,With,sample answer,Worker C,
SAMPLE-003,,,,26/11/2024 00:00,Face to Face,Victim Awareness Contact,With,sample answer,Worker C,
SAMPLE-003,,,,26/11/2024 00:00,Phone (to client),Victim Awareness Contact,With,sample answer,Worker C,
SAMPLE-003,,,,03/12/2024 00:00,Phone (from other),Letter/Email/Text Advovacy,With,sample answer,Worker C,
SAMPLE-003,,,,03/12/2024 00:00,Phone (to client),Letter/Email/Text Advovacy,With,sample answer,Worker C,
SAMPLE-003,,,,08/12/2024 00:00,Phone (from other),Letter/Email/Text Advovacy,With,sample answer,Worker C,
SAMPLE-003,,,,10/12/2024 00:00,Face to Face,Victim Awareness Contact,With,sample answer,Worker C,
SAMPLE-003,,,,10/12/2024 00:00,Phone (to client),Telephone Out,With,sample answer,Worker C,
SAMPLE-003,,,,16/03/2025 00:00,Video Link,Case Consultation Education,About,sample answer,Worker C,
SAMPLE-003,,,,29/05/2025 00:00,Face to Face,Case Consultation Education,About,sample answer,Worker C,
SAMPLE-003,,,,02/04/2025 00:00,Face to Face,Initial Appointment,With,sample answer,Worker C,
SAMPLE-003,,,,20/10/2024 00:00,Face to Face,Offending Behaviour Contact,With,sample answer,Worker C,
SAMPLE-005,,,,04/05/2026 00:00,Video Link,Multi Agency Meeting,About,sample answer,Worker E,
SAMPLE-005,,,,06/05/2026 00:00,Email (to other),Letter/Email Out,About,sample answer,Worker E,
SAMPLE-005,,,,16/07/2025 00:00,Email (to other),Letter/Email Out,About,sample answer,Worker E,
SAMPLE-005,,,,13/08/2025 00:00,Email (to other),Letter/Email Out,About,sample answer,Worker E,
SAMPLE-005,,,,10/08/2025 00:00,Other,Management Supervision of Case,About,sample answer,Worker E,
SAMPLE-005,,,,13/08/2025 00:00,Other,Management Quality Assurance,About,sample answer,Worker E,
SAMPLE-005,,,,17/07/2025 00:00,Phone (to other),Victim Impact,With,sample answer,Worker E,
SAMPLE-005,,,,21/07/2025 00:00,Face to Face,Victim Contact,With,sample answer,Worker E,
SAMPLE-005,,,,25/08/2025 00:00,Phone (to other),Victim Contact,With,sample answer,Worker E,
SAMPLE-005,,,,28/08/2025 00:00,Letter (to other),Victim Contact,With,sample answer,Worker E,
SAMPLE-005,,,,01/09/2025 00:00,Phone (to other),Victim Contact,With,sample answer,Worker E,
SAMPLE-005,,,,21/07/2025 00:00,Phone (to client),Telephone Out,About,sample answer,Worker E,
SAMPLE-005,,,,28/07/2025 00:00,Phone (to client),Telephone Out,About,sample answer,Worker E,
SAMPLE-005,,,,03/08/2025 00:00,Email (from other),Professional Group Contact,About,sample answer,Worker E,
SAMPLE-005,,,,03/08/2025 00:00,Email (to other),Professional Group Contact,About,sample answer,Worker E,
SAMPLE-005,,,,03/08/2025 00:00,Email (to other),Victim Awareness Contact,About,sample answer,Worker E,
SAMPLE-005,,,,14/07/2025 00:00,Video Link,Multi Agency Meeting,About,sample answer,Worker E,
SAMPLE-005,,,,11/08/2025 00:00,Video Link,Multi Agency Meeting,About,sample answer,Worker E,
SAMPLE-005,,,,31/07/2025 00:00,Face to Face,Assessment meeting,With,sample answer,Worker E,
SAMPLE-005,,,,10/08/2025 00:00,Face to Face,Assessment meeting,With,sample answer,Worker E,
